machine_id,avg_temperature,avg_rpm,pressure_variation,vibration_alerts,voltage_anomalies
MCH_001,75.37239583333333,1702.6666666666667,0.4932789947551656,0,0
MCH_002,74.55708333333334,1687.1145833333333,0.5031217895179251,0,0
MCH_003,74.236875,1688.03125,0.4777330307653118,0,0
